{"best/epoch": 2, "best/precision": 0.8054248338521701, "best/recall": 0.6413491316399451, "best/mAP_0.5": 0.7592734961674349, "best/mAP_0.5:0.95": 0.4923539393828504, "Labels": {"_type": "images/separated", "width": 2000, "height": 2000, "format": "jpg", "count": 2, "filenames": ["media/images/Labels_0_d2ba51d5ce5331fa5cd4.jpg", "media/images/Labels_0_7da50ea6cb53207bf0d2.jpg"], "captions": ["labels_correlogram.jpg", "labels.jpg"]}, "train/box_loss": 0.04489157348871231, "train/obj_loss": 0.06443867832422256, "train/cls_loss": 0.016335301101207733, "metrics/precision": 0.8026602955313417, "metrics/recall": 0.6317703623363917, "metrics/mAP_0.5": 0.7492262075393665, "metrics/mAP_0.5:0.95": 0.48868588928276996, "val/box_loss": 0.040143635123968124, "val/obj_loss": 0.03630995377898216, "val/cls_loss": 0.008165035396814346, "x/lr0": 0.000782, "x/lr1": 0.000782, "x/lr2": 0.077782, "BoundingBoxDebugger": {"_type": "images/separated", "width": 672, "height": 448, "format": "png", "count": 16, "filenames": ["media/images/BoundingBoxDebugger_2_4e09ac10fdda77ed35db.png", "media/images/BoundingBoxDebugger_2_6a3a0266a35e3eb27dbe.png", "media/images/BoundingBoxDebugger_2_4d051fed113cb710ac8c.png", "media/images/BoundingBoxDebugger_2_aecae9934d73212f5bcc.png", "media/images/BoundingBoxDebugger_2_b4b5e8028d2925349d68.png", "media/images/BoundingBoxDebugger_2_493946b8ed206a1ee43b.png", "media/images/BoundingBoxDebugger_2_3036ab420cb18ebf1990.png", "media/images/BoundingBoxDebugger_2_72ef2d2ded43b3af3fba.png", "media/images/BoundingBoxDebugger_2_294a3d00181311be8052.png", "media/images/BoundingBoxDebugger_2_d96310fdfec7843e2aca.png", "media/images/BoundingBoxDebugger_2_74b57c02ce8028310143.png", "media/images/BoundingBoxDebugger_2_9651a621eea4d908cc57.png", "media/images/BoundingBoxDebugger_2_aad804fadca9f966ba91.png", "media/images/BoundingBoxDebugger_2_d6f2e49a97ff0d4aa316.png", "media/images/BoundingBoxDebugger_2_8e0d03fc5a22da5af75d.png", "media/images/BoundingBoxDebugger_2_27427aa62964c00a4a44.png"], "captions": ["000000000357.jpg", "000000000472.jpg", "000000000597.jpg", "000000000338.jpg", "000000000428.jpg", "000000000431.jpg", "000000000491.jpg", "000000000488.jpg", "000000000599.jpg", "000000000109.jpg", "000000000247.jpg", "000000000359.jpg", "000000000034.jpg", "000000000540.jpg", "000000000081.jpg", "000000000025.jpg"], "all_boxes": [{"predictions": {"_type": "boxes2D", "sha256": "6d36cc8883e95187a980802599fd172ace049cd713d2b31c7998ac0a136968ec", "size": 59274, "path": "media/metadata/boxes2D/BoundingBoxDebugger_2_6d36cc8883e95187a980.boxes2D.json"}}, {"predictions": {"_type": "boxes2D", "sha256": "f11f4bdbf1769fb59730f5c7b2be2b9aba6f6b8cdce722f82095deccc412021f", "size": 5992, "path": "media/metadata/boxes2D/BoundingBoxDebugger_2_f11f4bdbf1769fb59730.boxes2D.json"}}, {"predictions": {"_type": "boxes2D", "sha256": "9c5833751b05669df3bc1589d10f30615e6d0b0e4b82ca30f6f28eebd28c92f4", "size": 59858, "path": "media/metadata/boxes2D/BoundingBoxDebugger_2_9c5833751b05669df3bc.boxes2D.json"}}, {"predictions": {"_type": "boxes2D", "sha256": "a40c63490e94cbab0049dadd4b083c1b30509af1d2da110d4439ed1cebd4a851", "size": 58750, "path": "media/metadata/boxes2D/BoundingBoxDebugger_2_a40c63490e94cbab0049.boxes2D.json"}}, {"predictions": {"_type": "boxes2D", "sha256": "bc0295d7bfc0acdd8e18ec9ddd9b87be7ffd956efea8908e38af602d05a92a43", "size": 24724, "path": "media/metadata/boxes2D/BoundingBoxDebugger_2_bc0295d7bfc0acdd8e18.boxes2D.json"}}, {"predictions": {"_type": "boxes2D", "sha256": "1c28c1816754378721d50552a84428bc3c46f48bac30e654595e196c8875deac", "size": 7063, "path": "media/metadata/boxes2D/BoundingBoxDebugger_2_1c28c1816754378721d5.boxes2D.json"}}, {"predictions": {"_type": "boxes2D", "sha256": "f8dacae85dd37a14135f230bda319b88111c257777f528050ea75e74789dff4e", "size": 21510, "path": "media/metadata/boxes2D/BoundingBoxDebugger_2_f8dacae85dd37a14135f.boxes2D.json"}}, {"predictions": {"_type": "boxes2D", "sha256": "12de20e976aa71dcb44e7ccc9e7b603f48d722bd9848daf25c6305f1d4943686", "size": 59941, "path": "media/metadata/boxes2D/BoundingBoxDebugger_2_12de20e976aa71dcb44e.boxes2D.json"}}, {"predictions": {"_type": "boxes2D", "sha256": "8214089e3ef2733b1a17db62f54ccf49c4996339b5151a4eab097df16a3cbe9b", "size": 25240, "path": "media/metadata/boxes2D/BoundingBoxDebugger_2_8214089e3ef2733b1a17.boxes2D.json"}}, {"predictions": {"_type": "boxes2D", "sha256": "9494f171edd7fce42992e55c34ddc8cb53bc9b418e6c9ffa3c3c15c0e72a9ad3", "size": 58677, "path": "media/metadata/boxes2D/BoundingBoxDebugger_2_9494f171edd7fce42992.boxes2D.json"}}, {"predictions": {"_type": "boxes2D", "sha256": "2800363852fd86dfc60c6eb67163f5b9b6a7017a2e24cf8bf6c817ff03f4f802", "size": 58559, "path": "media/metadata/boxes2D/BoundingBoxDebugger_2_2800363852fd86dfc60c.boxes2D.json"}}, {"predictions": {"_type": "boxes2D", "sha256": "69b9a443b69e935f3200c8796fcfb5a40e692d3e18671fab8f1520f9d5c39a00", "size": 18324, "path": "media/metadata/boxes2D/BoundingBoxDebugger_2_69b9a443b69e935f3200.boxes2D.json"}}, {"predictions": {"_type": "boxes2D", "sha256": "dc0720d1685297151d44aa8a49c2ac5e77f81cd690e201198163ceaa7316a5c7", "size": 1936, "path": "media/metadata/boxes2D/BoundingBoxDebugger_2_dc0720d1685297151d44.boxes2D.json"}}, {"predictions": {"_type": "boxes2D", "sha256": "726fbb8f9069c4f0c0d26997e2b8f9180b262a17e00d3db6a0a04d3b6e12b972", "size": 57083, "path": "media/metadata/boxes2D/BoundingBoxDebugger_2_726fbb8f9069c4f0c0d2.boxes2D.json"}}, {"predictions": {"_type": "boxes2D", "sha256": "48e16ac627a4dfce4a20961fa7dc66f461fd3e83d965cf2057037271f4987410", "size": 2921, "path": "media/metadata/boxes2D/BoundingBoxDebugger_2_48e16ac627a4dfce4a20.boxes2D.json"}}, {"predictions": {"_type": "boxes2D", "sha256": "fc273b8ee676016afa22ed6d79301f7398d10e02e1c9255d4981aec8175f92e8", "size": 6596, "path": "media/metadata/boxes2D/BoundingBoxDebugger_2_fc273b8ee676016afa22.boxes2D.json"}}]}, "_timestamp": 1651157471, "_runtime": 106, "_step": 3, "Mosaics": {"_type": "images/separated", "width": 1920, "height": 1920, "format": "jpg", "count": 3, "filenames": ["media/images/Mosaics_1_74a9552a822b60779e73.jpg", "media/images/Mosaics_1_49a77ef79c9111d7e538.jpg", "media/images/Mosaics_1_f9f02d26f2f02722a717.jpg"], "captions": ["train_batch0.jpg", "train_batch1.jpg", "train_batch2.jpg"]}, "Validation": {"_type": "images/separated", "width": 1920, "height": 1280, "format": "jpg", "count": 6, "filenames": ["media/images/Validation_3_42f46026df684d0c2f51.jpg", "media/images/Validation_3_dde4dc4e4d8f3937e4ec.jpg", "media/images/Validation_3_94c911f9dd23a6cb9109.jpg", "media/images/Validation_3_eef02e1be18bddc96a49.jpg", "media/images/Validation_3_eefb5feb357ad128cc9e.jpg", "media/images/Validation_3_660e4ea0d1f89d9c0dbe.jpg"], "captions": ["val_batch0_labels.jpg", "val_batch0_pred.jpg", "val_batch1_labels.jpg", "val_batch1_pred.jpg", "val_batch2_labels.jpg", "val_batch2_pred.jpg"]}, "Results": {"_type": "images/separated", "width": 2400, "height": 1200, "format": "png", "count": 6, "filenames": ["media/images/Results_3_1a8def8b32b43567444c.png", "media/images/Results_3_0383353a1b4eb78c4280.png", "media/images/Results_3_5443ffb0658a5f1a1ffb.png", "media/images/Results_3_c5dec028f3cefa025929.png", "media/images/Results_3_df4b0499ab904530a53a.png", "media/images/Results_3_a6e759ee7826e54b2b9c.png"], "captions": ["results.png", "confusion_matrix.png", "F1_curve.png", "PR_curve.png", "P_curve.png", "R_curve.png"]}, "_wandb": {"runtime": 104}}