{"best/epoch": 18, "best/precision": 0.10807416258805147, "best/recall": 0.018518518518518517, "best/mAP_0.5": 0.010577940821256036, "best/mAP_0.5:0.95": 0.0029658318236714973, "Labels": {"_type": "images/separated", "width": 2000, "height": 2000, "format": "jpg", "count": 2, "filenames": ["media/images/Labels_0_b82c8ed0808819775135.jpg", "media/images/Labels_0_6f980ed7977afbdd5158.jpg"], "captions": ["labels_correlogram.jpg", "labels.jpg"]}, "train/box_loss": 0.09392765909433365, "train/obj_loss": 0.12117195129394531, "train/cls_loss": 0.0673537403345108, "metrics/precision": 0.1063482331537887, "metrics/recall": 0.018518518518518517, "metrics/mAP_0.5": 0.008324893604784908, "metrics/mAP_0.5:0.95": 0.0025219239496413405, "val/box_loss": 0.0904000997543335, "val/obj_loss": 0.1280490905046463, "val/cls_loss": 0.06883157789707184, "x/lr0": 0.0002320500000000002, "x/lr1": 0.0002320500000000002, "x/lr2": 0.06123205, "_timestamp": 1651177734, "_runtime": 70, "_step": 20, "BoundingBoxDebugger": {"_type": "images/separated", "width": 672, "height": 672, "format": "png", "count": 2, "filenames": ["media/images/BoundingBoxDebugger_19_ec87a3aa0a3235758cf3.png", "media/images/BoundingBoxDebugger_19_32a837808fa83bb74f48.png"], "captions": ["ce5_jpg.rf.55860983b663565d74e4b2b5dec9a411.jpg", "e40_jpg.rf.c89aff402494981776091c0a998e630b.jpg"], "all_boxes": [{"predictions": {"_type": "boxes2D", "sha256": "f5977efd6a3fe5415c64a0b822100a5e3773323e0410b2eca98934d3ac6f51f0", "size": 58870, "path": "media/metadata/boxes2D/BoundingBoxDebugger_19_f5977efd6a3fe5415c64.boxes2D.json"}}, {"predictions": {"_type": "boxes2D", "sha256": "e6e66af33dca63612ab922a676bbbe2c73cda7d7cec438217b89f157f2c235e6", "size": 59047, "path": "media/metadata/boxes2D/BoundingBoxDebugger_19_e6e66af33dca63612ab9.boxes2D.json"}}]}, "Mosaics": {"_type": "images/separated", "width": 1920, "height": 1920, "format": "jpg", "count": 3, "filenames": ["media/images/Mosaics_5_39c379c8dbf2457461ec.jpg", "media/images/Mosaics_5_5a4e7192238b7236d71f.jpg", "media/images/Mosaics_5_3d5ea4d8e229c0672211.jpg"], "captions": ["train_batch0.jpg", "train_batch1.jpg", "train_batch2.jpg"]}, "Validation": {"_type": "images/separated", "width": 1344, "height": 1344, "format": "jpg", "count": 2, "filenames": ["media/images/Validation_20_be2958a5ee907a0d3bce.jpg", "media/images/Validation_20_4fe3fa7db3e277958fff.jpg"], "captions": ["val_batch0_labels.jpg", "val_batch0_pred.jpg"]}, "Results": {"_type": "images/separated", "width": 2400, "height": 1200, "format": "png", "count": 6, "filenames": ["media/images/Results_20_33da4de7f1846a464662.png", "media/images/Results_20_d938b79315d6c6aa7286.png", "media/images/Results_20_acbda67d91ba0157f564.png", "media/images/Results_20_c2b7492601b5f82386d3.png", "media/images/Results_20_10374ea71651652aebba.png", "media/images/Results_20_848214a4bc05977dfda2.png"], "captions": ["results.png", "confusion_matrix.png", "F1_curve.png", "PR_curve.png", "P_curve.png", "R_curve.png"]}, "_wandb": {"runtime": 71}}