{"best/epoch": 386, "best/precision": 0.8730985148282067, "best/recall": 0.6891891891891893, "best/mAP_0.5": 0.7847844049386249, "best/mAP_0.5:0.95": 0.5281449927919942, "Labels": {"_type": "images/separated", "width": 2000, "height": 2000, "format": "jpg", "count": 2, "filenames": ["media/images/Labels_0_585cf0feb3cb1f091fc3.jpg", "media/images/Labels_0_91db197224fae624748f.jpg"], "captions": ["labels_correlogram.jpg", "labels.jpg"]}, "train/box_loss": 0.023860320448875427, "train/obj_loss": 0.04137431085109711, "train/cls_loss": 0.013986132107675076, "metrics/precision": 0.8724876875053221, "metrics/recall": 0.6891891891891893, "metrics/mAP_0.5": 0.784884404938625, "metrics/mAP_0.5:0.95": 0.5202841418625352, "val/box_loss": 0.03262811899185181, "val/obj_loss": 0.03869936242699623, "val/cls_loss": 0.014907332137227058, "x/lr0": 0.00014950000000000006, "x/lr1": 0.00014950000000000006, "x/lr2": 0.00014950000000000006, "_timestamp": 1651263952, "_runtime": 947, "_step": 400, "Mosaics": {"_type": "images/separated", "width": 1920, "height": 1920, "format": "jpg", "count": 3, "filenames": ["media/images/Mosaics_5_90fbb0507e7f896281fb.jpg", "media/images/Mosaics_5_8440ac0d48a4c3d705fd.jpg", "media/images/Mosaics_5_18ca504bd6d418110862.jpg"], "captions": ["train_batch0.jpg", "train_batch1.jpg", "train_batch2.jpg"]}, "BoundingBoxDebugger": {"_type": "images/separated", "width": 672, "height": 544, "format": "png", "count": 8, "filenames": ["media/images/BoundingBoxDebugger_399_9caf7ded0bee61217ac0.png", "media/images/BoundingBoxDebugger_399_40b0889ea0b9f65620d0.png", "media/images/BoundingBoxDebugger_399_efb2b43f110eed01ca24.png", "media/images/BoundingBoxDebugger_399_e8254b7238415b5911c0.png", "media/images/BoundingBoxDebugger_399_d71d67b01a3f14a8158c.png", "media/images/BoundingBoxDebugger_399_ea20f60b608cdc057e57.png", "media/images/BoundingBoxDebugger_399_97b5c69befb0aa650d1d.png", "media/images/BoundingBoxDebugger_399_8f6951b21b5a87f61a78.png"], "captions": ["test_floor_000000_img_000000_png.rf.35313701e413cb3e005e5777939d4713.jpg", "test_floor_000000_img_000002_png.rf.74c717a190d64cdeb60977e30cfb1080.jpg", "test_floor_000001_img_000004_png.rf.357a259324b67841284244f2c7cdba97.jpg", "test_floor_000001_img_000008_png.rf.b23402e117f6bda81c0c43689b633407.jpg", "test_floor_000002_img_000005_png.rf.1699deeb9bb7c2060459ed3d074fbbe1.jpg", "test_floor_000003_img_000000_png.rf.b46981c4bd3754f1fd50093444e1be05.jpg", "test_floor_000003_img_000003_png.rf.24d5dbea3a2dbe45e7a38a07eedaea82.jpg", "test_floor_000003_img_000008_png.rf.819b2445a877b595c158e7b68e8f3bd9.jpg"], "all_boxes": [{"predictions": {"_type": "boxes2D", "sha256": "c768dfbbbece6298cc3d8cde38fa848253fb3349d9a496dfeef37d17f49b71dc", "size": 32705, "path": "media/metadata/boxes2D/BoundingBoxDebugger_399_c768dfbbbece6298cc3d.boxes2D.json"}}, {"predictions": {"_type": "boxes2D", "sha256": "b1a4168ddda47811300cdbd4f3f3fdf721ce97ee90a37dcc02e67bc695450cb0", "size": 20390, "path": "media/metadata/boxes2D/BoundingBoxDebugger_399_b1a4168ddda47811300c.boxes2D.json"}}, {"predictions": {"_type": "boxes2D", "sha256": "5d8323a31e19dc6cf725186860aab01faeaca445cacb484fd5106cb5b72bb0b7", "size": 26298, "path": "media/metadata/boxes2D/BoundingBoxDebugger_399_5d8323a31e19dc6cf725.boxes2D.json"}}, {"predictions": {"_type": "boxes2D", "sha256": "eeee69b12961c85522c41cc1a46b0f7942013fbe7efec5cd4e7e12507f9cf6e1", "size": 24689, "path": "media/metadata/boxes2D/BoundingBoxDebugger_399_eeee69b12961c85522c4.boxes2D.json"}}, {"predictions": {"_type": "boxes2D", "sha256": "6dae0cc8a6e0b806bf5e573164e0d10e4598460c9c708f64f0c87548aa4ba216", "size": 22624, "path": "media/metadata/boxes2D/BoundingBoxDebugger_399_6dae0cc8a6e0b806bf5e.boxes2D.json"}}, {"predictions": {"_type": "boxes2D", "sha256": "9f65efda0f8bebfc704843574ae221459b54f3b81d7aead5f7294b547aa14a51", "size": 34116, "path": "media/metadata/boxes2D/BoundingBoxDebugger_399_9f65efda0f8bebfc7048.boxes2D.json"}}, {"predictions": {"_type": "boxes2D", "sha256": "7007575cba61874b7fe0584bf41ea5196f3fa456682b1b29c3fb6eded030f1e2", "size": 30052, "path": "media/metadata/boxes2D/BoundingBoxDebugger_399_7007575cba61874b7fe0.boxes2D.json"}}, {"predictions": {"_type": "boxes2D", "sha256": "4528765867832c0db873cbb5e7fe22978bcb59ea0d728d27d13656fd3d2414c3", "size": 41483, "path": "media/metadata/boxes2D/BoundingBoxDebugger_399_4528765867832c0db873.boxes2D.json"}}]}, "Validation": {"_type": "images/separated", "width": 1920, "height": 1557, "format": "jpg", "count": 2, "filenames": ["media/images/Validation_400_94caa02bb10040c7302b.jpg", "media/images/Validation_400_d9505f336b5c1970707c.jpg"], "captions": ["val_batch0_labels.jpg", "val_batch0_pred.jpg"]}, "Results": {"_type": "images/separated", "width": 2400, "height": 1200, "format": "png", "count": 6, "filenames": ["media/images/Results_400_0d81c32574f7df26a6d6.png", "media/images/Results_400_ca1c7e16e43d3f14174d.png", "media/images/Results_400_a9e0d8c9837dc91b18c0.png", "media/images/Results_400_a496c77873b58541a86c.png", "media/images/Results_400_33430a3e171fa1277bc9.png", "media/images/Results_400_f300f6dda25998258e12.png"], "captions": ["results.png", "confusion_matrix.png", "F1_curve.png", "PR_curve.png", "P_curve.png", "R_curve.png"]}, "_wandb": {"runtime": 947}}