{"best/epoch": 5, "best/precision": 0.0019677947987241182, "best/recall": 0.05555555555555555, "best/mAP_0.5": 0.000572122586211938, "best/mAP_0.5:0.95": 9.671401874239357e-05, "Labels": {"_type": "images/separated", "width": 2000, "height": 2000, "format": "jpg", "count": 2, "filenames": ["media/images/Labels_0_caff371bc2c400fdd643.jpg", "media/images/Labels_0_fb8778e6a785cadc90cc.jpg"], "captions": ["labels_correlogram.jpg", "labels.jpg"]}, "train/box_loss": 0.10524725168943405, "train/obj_loss": 0.04037830978631973, "train/cls_loss": 0.028327226638793945, "metrics/precision": 0.0019716746507197434, "metrics/recall": 0.05555555555555555, "metrics/mAP_0.5": 0.0005704865634467776, "metrics/mAP_0.5:0.95": 9.647914516379224e-05, "val/box_loss": 0.09684496372938156, "val/obj_loss": 0.035552702844142914, "val/cls_loss": 0.02803008258342743, "x/lr0": 0.0002974999999999999, "x/lr1": 0.0002974999999999999, "x/lr2": 0.0832975, "BoundingBoxDebugger": {"_type": "images/separated", "width": 672, "height": 448, "format": "png", "count": 16, "filenames": ["media/images/BoundingBoxDebugger_5_0a95e79eb278d9a3990d.png", "media/images/BoundingBoxDebugger_5_6136a3509c145b0ed3e3.png", "media/images/BoundingBoxDebugger_5_272bf76dfee999d2b903.png", "media/images/BoundingBoxDebugger_5_63f3328fa438e5bf6da6.png", "media/images/BoundingBoxDebugger_5_27785c7ec79221510d1d.png", "media/images/BoundingBoxDebugger_5_86850aba35dfff17bfb4.png", "media/images/BoundingBoxDebugger_5_bc19776624ef6e14181e.png", "media/images/BoundingBoxDebugger_5_2273b0c99fcb9dc10590.png", "media/images/BoundingBoxDebugger_5_7dc12a21a8c69d531dfa.png", "media/images/BoundingBoxDebugger_5_597074f6213d57df5382.png", "media/images/BoundingBoxDebugger_5_db7d4d7759b79741d304.png", "media/images/BoundingBoxDebugger_5_796c306faaf0731318d6.png", "media/images/BoundingBoxDebugger_5_4d03e62e9ca9119b9093.png", "media/images/BoundingBoxDebugger_5_566ea8197ab729113dae.png", "media/images/BoundingBoxDebugger_5_7c122b6c45da433a7d45.png", "media/images/BoundingBoxDebugger_5_c03914881317f2aeeaef.png"], "captions": ["6.jpg", "10.jpg", "13.jpg", "5.jpg", "46.jpg", "27.jpg", "38.jpg", "17.jpg", "42.jpg", "36.jpg", "47.jpg", "30.jpg", "8.jpg", "43.jpg", "7.jpg", "50.jpg"], "all_boxes": [{"predictions": {"_type": "boxes2D", "sha256": "fda7d668c56b2e3f2a329404b060f40629251b14dc4e3749d31ced70cb8ab090", "size": 57214, "path": "media/metadata/boxes2D/BoundingBoxDebugger_5_fda7d668c56b2e3f2a32.boxes2D.json"}}, {"predictions": {"_type": "boxes2D", "sha256": "d003e00fb27e134634808f66e8a1d41a055050cd926ad672f33fa65f0336af2c", "size": 57126, "path": "media/metadata/boxes2D/BoundingBoxDebugger_5_d003e00fb27e13463480.boxes2D.json"}}, {"predictions": {"_type": "boxes2D", "sha256": "5bbecec88b45887e53fb86bf78789e847d77956306c9aa633079e24955b2c695", "size": 57141, "path": "media/metadata/boxes2D/BoundingBoxDebugger_5_5bbecec88b45887e53fb.boxes2D.json"}}, {"predictions": {"_type": "boxes2D", "sha256": "b76e62c084ed99638f900a55a2496e9aeb07ead47f8bb737c71cb7902d386a45", "size": 57019, "path": "media/metadata/boxes2D/BoundingBoxDebugger_5_b76e62c084ed99638f90.boxes2D.json"}}, {"predictions": {"_type": "boxes2D", "sha256": "cb4d4249725ed6ae476e368c179e390c56a659759101343695d38dcbd3ce0e17", "size": 57162, "path": "media/metadata/boxes2D/BoundingBoxDebugger_5_cb4d4249725ed6ae476e.boxes2D.json"}}, {"predictions": {"_type": "boxes2D", "sha256": "71281cf439c7e4e0e53b244643a7d6614913ec139dde40dc5c5ca8cf94a5075e", "size": 56926, "path": "media/metadata/boxes2D/BoundingBoxDebugger_5_71281cf439c7e4e0e53b.boxes2D.json"}}, {"predictions": {"_type": "boxes2D", "sha256": "667e66ffdd361d706cdd8b53e7368454f5270a6a4bc617179099f1582baf0fbb", "size": 57184, "path": "media/metadata/boxes2D/BoundingBoxDebugger_5_667e66ffdd361d706cdd.boxes2D.json"}}, {"predictions": {"_type": "boxes2D", "sha256": "64aa5ee3926f9f1f19df3b2f9865be2ed4925824d94709731aef9ae43f43cefd", "size": 57232, "path": "media/metadata/boxes2D/BoundingBoxDebugger_5_64aa5ee3926f9f1f19df.boxes2D.json"}}, {"predictions": {"_type": "boxes2D", "sha256": "10845a2462d82ddb2d211ab6a7215c7b6d8f90b0921afa1fd65f46c0012bb643", "size": 56978, "path": "media/metadata/boxes2D/BoundingBoxDebugger_5_10845a2462d82ddb2d21.boxes2D.json"}}, {"predictions": {"_type": "boxes2D", "sha256": "9b24c368afee4df215f5d5f91b91c2388846ac704215e1a7706c3f5b55a233ab", "size": 57146, "path": "media/metadata/boxes2D/BoundingBoxDebugger_5_9b24c368afee4df215f5.boxes2D.json"}}, {"predictions": {"_type": "boxes2D", "sha256": "5f94ebf1417f1c27e8e1e8d419d1e3c1783210f214ba1aa4e033060d55697f7c", "size": 57122, "path": "media/metadata/boxes2D/BoundingBoxDebugger_5_5f94ebf1417f1c27e8e1.boxes2D.json"}}, {"predictions": {"_type": "boxes2D", "sha256": "c5a3c1042a08835a5fc29a4a4b9d22cc2ca7708c202df6864d8221305fac2b0e", "size": 57185, "path": "media/metadata/boxes2D/BoundingBoxDebugger_5_c5a3c1042a08835a5fc2.boxes2D.json"}}, {"predictions": {"_type": "boxes2D", "sha256": "0a07d0efb34eef605c2f8cf845cac92a5602e3c66bd73b475dc46ea95bad06d9", "size": 57012, "path": "media/metadata/boxes2D/BoundingBoxDebugger_5_0a07d0efb34eef605c2f.boxes2D.json"}}, {"predictions": {"_type": "boxes2D", "sha256": "a215dc934b312fa79c77c215f95764e17f74a77d69e47794b205fb98b2605973", "size": 57201, "path": "media/metadata/boxes2D/BoundingBoxDebugger_5_a215dc934b312fa79c77.boxes2D.json"}}, {"predictions": {"_type": "boxes2D", "sha256": "413231697006fabf09e1529523ff20ee2ec2644095247cb74db5bb813430ff83", "size": 56962, "path": "media/metadata/boxes2D/BoundingBoxDebugger_5_413231697006fabf09e1.boxes2D.json"}}, {"predictions": {"_type": "boxes2D", "sha256": "8db5bb4d219942cad8177a4bd091d131f2521531c8251f29a990810e2745ac64", "size": 57183, "path": "media/metadata/boxes2D/BoundingBoxDebugger_5_8db5bb4d219942cad817.boxes2D.json"}}]}, "_timestamp": 1651176280, "_runtime": 62, "_step": 6, "Mosaics": {"_type": "images/separated", "width": 1920, "height": 1920, "format": "jpg", "count": 3, "filenames": ["media/images/Mosaics_3_55f14c4edb5ea258a377.jpg", "media/images/Mosaics_3_80da36faa5f5b6804a74.jpg", "media/images/Mosaics_3_4f77e043196b543e9daf.jpg"], "captions": ["train_batch0.jpg", "train_batch1.jpg", "train_batch2.jpg"]}, "Validation": {"_type": "images/separated", "width": 1920, "height": 1280, "format": "jpg", "count": 4, "filenames": ["media/images/Validation_6_1165af6b434004f123ec.jpg", "media/images/Validation_6_cbf6170060fcb3b9faae.jpg", "media/images/Validation_6_c03afe01bb3acf48266e.jpg", "media/images/Validation_6_eaccfd1242334ca3a8bd.jpg"], "captions": ["val_batch0_labels.jpg", "val_batch0_pred.jpg", "val_batch1_labels.jpg", "val_batch1_pred.jpg"]}, "Results": {"_type": "images/separated", "width": 2400, "height": 1200, "format": "png", "count": 6, "filenames": ["media/images/Results_6_411e6a31c9c884ec1143.png", "media/images/Results_6_51bbe6df593a5e90a014.png", "media/images/Results_6_e0b4cdd74f3e036f418d.png", "media/images/Results_6_353db9604eac408bb2ef.png", "media/images/Results_6_4b2ab61a2a44beff5ac5.png", "media/images/Results_6_ff8ca710ec772560830a.png"], "captions": ["results.png", "confusion_matrix.png", "F1_curve.png", "PR_curve.png", "P_curve.png", "R_curve.png"]}, "_wandb": {"runtime": 60}}