{"best/epoch": 1, "best/precision": 0.0007231888746413369, "best/recall": 0.027777777777777776, "best/mAP_0.5": 0.00010528586039650353, "best/mAP_0.5:0.95": 1.0528586039650354e-05, "Labels": {"_type": "images/separated", "width": 2000, "height": 2000, "format": "jpg", "count": 2, "filenames": ["media/images/Labels_0_caff371bc2c400fdd643.jpg", "media/images/Labels_0_fb8778e6a785cadc90cc.jpg"], "captions": ["labels_correlogram.jpg", "labels.jpg"]}, "train/box_loss": 0.1219969391822815, "train/obj_loss": 0.03343117982149124, "train/cls_loss": 0.029088404029607773, "metrics/precision": 0.0007226662503997944, "metrics/recall": 0.027777777777777776, "metrics/mAP_0.5": 0.0001049315726290516, "metrics/mAP_0.5:0.95": 1.049315726290516e-05, "val/box_loss": 0.12088766694068909, "val/obj_loss": 0.030591892078518867, "val/cls_loss": 0.028278488665819168, "x/lr0": 0.000272, "x/lr1": 0.000272, "x/lr2": 0.092272, "BoundingBoxDebugger": {"_type": "images/separated", "width": 672, "height": 448, "format": "png", "count": 16, "filenames": ["media/images/BoundingBoxDebugger_2_0a95e79eb278d9a3990d.png", "media/images/BoundingBoxDebugger_2_6136a3509c145b0ed3e3.png", "media/images/BoundingBoxDebugger_2_272bf76dfee999d2b903.png", "media/images/BoundingBoxDebugger_2_63f3328fa438e5bf6da6.png", "media/images/BoundingBoxDebugger_2_27785c7ec79221510d1d.png", "media/images/BoundingBoxDebugger_2_86850aba35dfff17bfb4.png", "media/images/BoundingBoxDebugger_2_bc19776624ef6e14181e.png", "media/images/BoundingBoxDebugger_2_2273b0c99fcb9dc10590.png", "media/images/BoundingBoxDebugger_2_7dc12a21a8c69d531dfa.png", "media/images/BoundingBoxDebugger_2_597074f6213d57df5382.png", "media/images/BoundingBoxDebugger_2_db7d4d7759b79741d304.png", "media/images/BoundingBoxDebugger_2_796c306faaf0731318d6.png", "media/images/BoundingBoxDebugger_2_4d03e62e9ca9119b9093.png", "media/images/BoundingBoxDebugger_2_566ea8197ab729113dae.png", "media/images/BoundingBoxDebugger_2_7c122b6c45da433a7d45.png", "media/images/BoundingBoxDebugger_2_c03914881317f2aeeaef.png"], "captions": ["6.jpg", "10.jpg", "13.jpg", "5.jpg", "46.jpg", "27.jpg", "38.jpg", "17.jpg", "42.jpg", "36.jpg", "47.jpg", "30.jpg", "8.jpg", "43.jpg", "7.jpg", "50.jpg"], "all_boxes": [{"predictions": {"_type": "boxes2D", "sha256": "441e7d688780c0bc2a84965d5f680ebcbf287390a7816ae819df684247975ce3", "size": 57115, "path": "media/metadata/boxes2D/BoundingBoxDebugger_2_441e7d688780c0bc2a84.boxes2D.json"}}, {"predictions": {"_type": "boxes2D", "sha256": "b2ea4e612118cb5343f708dc4180328427a825009e29d28aa4c111a796fa29b5", "size": 56942, "path": "media/metadata/boxes2D/BoundingBoxDebugger_2_b2ea4e612118cb5343f7.boxes2D.json"}}, {"predictions": {"_type": "boxes2D", "sha256": "82621e36f2ff785c72fd8f84a28ccce9b24fb01828790411840de35fe71c524f", "size": 57192, "path": "media/metadata/boxes2D/BoundingBoxDebugger_2_82621e36f2ff785c72fd.boxes2D.json"}}, {"predictions": {"_type": "boxes2D", "sha256": "f1387e685bf70d1e546e41df9fa32cc9e6cc2389d479693865ce52720766ade4", "size": 56922, "path": "media/metadata/boxes2D/BoundingBoxDebugger_2_f1387e685bf70d1e546e.boxes2D.json"}}, {"predictions": {"_type": "boxes2D", "sha256": "0731b9c3bb57e57ca51e0c31f38f5c02cae8c8b347a42ed2c6135a2ab2a31d08", "size": 57238, "path": "media/metadata/boxes2D/BoundingBoxDebugger_2_0731b9c3bb57e57ca51e.boxes2D.json"}}, {"predictions": {"_type": "boxes2D", "sha256": "90c4f10c2f4a16efe258d04875ba3ea01496d305a52807549f3f2063350ac8bb", "size": 56883, "path": "media/metadata/boxes2D/BoundingBoxDebugger_2_90c4f10c2f4a16efe258.boxes2D.json"}}, {"predictions": {"_type": "boxes2D", "sha256": "c2ca69ef76956da1273bb3416636310cf3a4d058a19310f84ac24d85a1865d82", "size": 57119, "path": "media/metadata/boxes2D/BoundingBoxDebugger_2_c2ca69ef76956da1273b.boxes2D.json"}}, {"predictions": {"_type": "boxes2D", "sha256": "c7f6a0713967dcdb9a6bc9b3317df496122927de79fef861bf6a27643cf2833e", "size": 57018, "path": "media/metadata/boxes2D/BoundingBoxDebugger_2_c7f6a0713967dcdb9a6b.boxes2D.json"}}, {"predictions": {"_type": "boxes2D", "sha256": "c3019f4cbc13f472c85cfae94cd318aa45fabc2f587650b0f86cdad0f7634ccf", "size": 56855, "path": "media/metadata/boxes2D/BoundingBoxDebugger_2_c3019f4cbc13f472c85c.boxes2D.json"}}, {"predictions": {"_type": "boxes2D", "sha256": "caabc3886bc342ba1d187be3cefecace22fea8fec0865dc5aeb8c164d0c03c7f", "size": 57118, "path": "media/metadata/boxes2D/BoundingBoxDebugger_2_caabc3886bc342ba1d18.boxes2D.json"}}, {"predictions": {"_type": "boxes2D", "sha256": "e549de032ed620bd7d84634952d82f17e28da52b4972288328b63bd6f56dbeb8", "size": 57060, "path": "media/metadata/boxes2D/BoundingBoxDebugger_2_e549de032ed620bd7d84.boxes2D.json"}}, {"predictions": {"_type": "boxes2D", "sha256": "d7e7f9cadeab6957b3f2c27fd499870773fe62aba610124335fc82bbae0c8a21", "size": 57151, "path": "media/metadata/boxes2D/BoundingBoxDebugger_2_d7e7f9cadeab6957b3f2.boxes2D.json"}}, {"predictions": {"_type": "boxes2D", "sha256": "ba71d65e852160543ab9760cd6dedbc1c8b7c513032346d0ffc24a9f8c36d9f3", "size": 57020, "path": "media/metadata/boxes2D/BoundingBoxDebugger_2_ba71d65e852160543ab9.boxes2D.json"}}, {"predictions": {"_type": "boxes2D", "sha256": "3a4568e84b17e9449170a91d6ef2d33178a287730ab453e1ac8a36f0c418ec5d", "size": 57045, "path": "media/metadata/boxes2D/BoundingBoxDebugger_2_3a4568e84b17e9449170.boxes2D.json"}}, {"predictions": {"_type": "boxes2D", "sha256": "6f6792cfacfcb61890961ae8242bd1cd77207ed24e1f97462b4b9bded6641d4f", "size": 56925, "path": "media/metadata/boxes2D/BoundingBoxDebugger_2_6f6792cfacfcb6189096.boxes2D.json"}}, {"predictions": {"_type": "boxes2D", "sha256": "8a1951d9c991699e700b6a79da9c4978fa76daf3b019d81de612244b61468f32", "size": 57040, "path": "media/metadata/boxes2D/BoundingBoxDebugger_2_8a1951d9c991699e700b.boxes2D.json"}}]}, "_timestamp": 1651160976, "_runtime": 46, "_step": 3, "Validation": {"_type": "images/separated", "width": 1920, "height": 1280, "format": "jpg", "count": 4, "filenames": ["media/images/Validation_3_1165af6b434004f123ec.jpg", "media/images/Validation_3_cbf6170060fcb3b9faae.jpg", "media/images/Validation_3_c03afe01bb3acf48266e.jpg", "media/images/Validation_3_eaccfd1242334ca3a8bd.jpg"], "captions": ["val_batch0_labels.jpg", "val_batch0_pred.jpg", "val_batch1_labels.jpg", "val_batch1_pred.jpg"]}, "Results": {"_type": "images/separated", "width": 2400, "height": 1200, "format": "png", "count": 6, "filenames": ["media/images/Results_3_bcda8c4152348dd10b77.png", "media/images/Results_3_51bbe6df593a5e90a014.png", "media/images/Results_3_c61ab14e644b86c574bb.png", "media/images/Results_3_f829c6538c1b6236eed9.png", "media/images/Results_3_d146251a1359833a0eba.png", "media/images/Results_3_bbce77908a0a3847fb8c.png"], "captions": ["results.png", "confusion_matrix.png", "F1_curve.png", "PR_curve.png", "P_curve.png", "R_curve.png"]}, "_wandb": {"runtime": 47}}