{"best/epoch": 3, "best/precision": 0.0019168435590450478, "best/recall": 0.05040540540540541, "best/mAP_0.5": 0.0012478518674722886, "best/mAP_0.5:0.95": 0.00030300888432903725, "Labels": {"_type": "images/separated", "width": 2000, "height": 2000, "format": "jpg", "count": 2, "filenames": ["media/images/Labels_0_585cf0feb3cb1f091fc3.jpg", "media/images/Labels_0_91db197224fae624748f.jpg"], "captions": ["labels_correlogram.jpg", "labels.jpg"]}, "train/box_loss": 0.12119832634925842, "train/obj_loss": 0.07740079611539841, "train/cls_loss": 0.06406044960021973, "metrics/precision": 0.0019216470784362758, "metrics/recall": 0.05040540540540541, "metrics/mAP_0.5": 0.0012482777390318278, "metrics/mAP_0.5:0.95": 0.0003030526368781859, "val/box_loss": 0.12069693952798843, "val/obj_loss": 0.059374380856752396, "val/cls_loss": 0.06482560932636261, "x/lr0": 0.0002071, "x/lr1": 0.0002071, "x/lr2": 0.0812071, "BoundingBoxDebugger": {"_type": "images/separated", "width": 672, "height": 544, "format": "png", "count": 8, "filenames": ["media/images/BoundingBoxDebugger_9_9caf7ded0bee61217ac0.png", "media/images/BoundingBoxDebugger_9_40b0889ea0b9f65620d0.png", "media/images/BoundingBoxDebugger_9_efb2b43f110eed01ca24.png", "media/images/BoundingBoxDebugger_9_e8254b7238415b5911c0.png", "media/images/BoundingBoxDebugger_9_d71d67b01a3f14a8158c.png", "media/images/BoundingBoxDebugger_9_ea20f60b608cdc057e57.png", "media/images/BoundingBoxDebugger_9_97b5c69befb0aa650d1d.png", "media/images/BoundingBoxDebugger_9_8f6951b21b5a87f61a78.png"], "captions": ["test_floor_000000_img_000000_png.rf.35313701e413cb3e005e5777939d4713.jpg", "test_floor_000000_img_000002_png.rf.74c717a190d64cdeb60977e30cfb1080.jpg", "test_floor_000001_img_000004_png.rf.357a259324b67841284244f2c7cdba97.jpg", "test_floor_000001_img_000008_png.rf.b23402e117f6bda81c0c43689b633407.jpg", "test_floor_000002_img_000005_png.rf.1699deeb9bb7c2060459ed3d074fbbe1.jpg", "test_floor_000003_img_000000_png.rf.b46981c4bd3754f1fd50093444e1be05.jpg", "test_floor_000003_img_000003_png.rf.24d5dbea3a2dbe45e7a38a07eedaea82.jpg", "test_floor_000003_img_000008_png.rf.819b2445a877b595c158e7b68e8f3bd9.jpg"], "all_boxes": [{"predictions": {"_type": "boxes2D", "sha256": "ada78e1866ccad26de3825ea12f702b76d61aeec1386aa6809abd040f37c8114", "size": 58157, "path": "media/metadata/boxes2D/BoundingBoxDebugger_9_ada78e1866ccad26de38.boxes2D.json"}}, {"predictions": {"_type": "boxes2D", "sha256": "205776b3df19735d8d87d65de42b4de26daf8b7076de5b2628c8f2e73439c654", "size": 57600, "path": "media/metadata/boxes2D/BoundingBoxDebugger_9_205776b3df19735d8d87.boxes2D.json"}}, {"predictions": {"_type": "boxes2D", "sha256": "aa783e8245bec71be91be7b29fa77e8d854b8c9c506173c280e5972c5b98479d", "size": 58393, "path": "media/metadata/boxes2D/BoundingBoxDebugger_9_aa783e8245bec71be91b.boxes2D.json"}}, {"predictions": {"_type": "boxes2D", "sha256": "da548544bcee0cc87fcb3daa5d292205800fd8570c5ba7f2ccd0139d8d6d880f", "size": 58295, "path": "media/metadata/boxes2D/BoundingBoxDebugger_9_da548544bcee0cc87fcb.boxes2D.json"}}, {"predictions": {"_type": "boxes2D", "sha256": "2dc5b8272fa13fb248b06fd5a1e50c0393e0c460720c3793ba1d7415c8fbca26", "size": 58524, "path": "media/metadata/boxes2D/BoundingBoxDebugger_9_2dc5b8272fa13fb248b0.boxes2D.json"}}, {"predictions": {"_type": "boxes2D", "sha256": "b66fcff0305f1073f7dc711b820c9aa9b1b82716538f72f4059d4716c88ea121", "size": 58515, "path": "media/metadata/boxes2D/BoundingBoxDebugger_9_b66fcff0305f1073f7dc.boxes2D.json"}}, {"predictions": {"_type": "boxes2D", "sha256": "7457c76c2fb68ce0562fd57c8248c870c4ccc204b9ca072214cc5b5dbb707ed2", "size": 58489, "path": "media/metadata/boxes2D/BoundingBoxDebugger_9_7457c76c2fb68ce0562f.boxes2D.json"}}, {"predictions": {"_type": "boxes2D", "sha256": "4f7d81891555ef6850f5f1a90f31d6a2cc3a753b24dbf998cd5921217e8b2bb0", "size": 58122, "path": "media/metadata/boxes2D/BoundingBoxDebugger_9_4f7d81891555ef6850f5.boxes2D.json"}}]}, "_timestamp": 1651425168, "_runtime": 77, "_step": 10, "Mosaics": {"_type": "images/separated", "width": 1920, "height": 1920, "format": "jpg", "count": 3, "filenames": ["media/images/Mosaics_5_90fbb0507e7f896281fb.jpg", "media/images/Mosaics_5_8440ac0d48a4c3d705fd.jpg", "media/images/Mosaics_5_18ca504bd6d418110862.jpg"], "captions": ["train_batch0.jpg", "train_batch1.jpg", "train_batch2.jpg"]}, "Validation": {"_type": "images/separated", "width": 1920, "height": 1557, "format": "jpg", "count": 2, "filenames": ["media/images/Validation_10_94caa02bb10040c7302b.jpg", "media/images/Validation_10_778bebe4dc51d59f84c3.jpg"], "captions": ["val_batch0_labels.jpg", "val_batch0_pred.jpg"]}, "Results": {"_type": "images/separated", "width": 2400, "height": 1200, "format": "png", "count": 6, "filenames": ["media/images/Results_10_00cbf6cb88c77dc80c58.png", "media/images/Results_10_fee65eb5ac2129688672.png", "media/images/Results_10_1cdd319f9d506e0b79d1.png", "media/images/Results_10_51c6bb00f3a78908a5f0.png", "media/images/Results_10_24069ec64735ee0cc375.png", "media/images/Results_10_79c9207b7482427b9c2e.png"], "captions": ["results.png", "confusion_matrix.png", "F1_curve.png", "PR_curve.png", "P_curve.png", "R_curve.png"]}, "_wandb": {"runtime": 77}}