{"best/epoch": 258, "best/precision": 0.2190755571932026, "best/recall": 0.6890582850945924, "best/mAP_0.5": 0.5762972329126504, "best/mAP_0.5:0.95": 0.4482385913093057, "Labels": {"_type": "images/separated", "width": 2000, "height": 2000, "format": "jpg", "count": 2, "filenames": ["media/images/Labels_0_b82c8ed0808819775135.jpg", "media/images/Labels_0_6f980ed7977afbdd5158.jpg"], "captions": ["labels_correlogram.jpg", "labels.jpg"]}, "train/box_loss": 0.022473782300949097, "train/obj_loss": 0.05015545338392258, "train/cls_loss": 0.04569818079471588, "metrics/precision": 0.2189163527957416, "metrics/recall": 0.6880140780806799, "metrics/mAP_0.5": 0.5762972329126504, "metrics/mAP_0.5:0.95": 0.4482385913093057, "val/box_loss": 0.023600436747074127, "val/obj_loss": 0.06234903633594513, "val/cls_loss": 0.04223145544528961, "x/lr0": 0.00016600000000000043, "x/lr1": 0.00016600000000000043, "x/lr2": 0.00016600000000000043, "_timestamp": 1651178936, "_runtime": 748, "_step": 300, "Mosaics": {"_type": "images/separated", "width": 1920, "height": 1920, "format": "jpg", "count": 3, "filenames": ["media/images/Mosaics_5_39c379c8dbf2457461ec.jpg", "media/images/Mosaics_5_5a4e7192238b7236d71f.jpg", "media/images/Mosaics_5_3d5ea4d8e229c0672211.jpg"], "captions": ["train_batch0.jpg", "train_batch1.jpg", "train_batch2.jpg"]}, "BoundingBoxDebugger": {"_type": "images/separated", "width": 672, "height": 672, "format": "png", "count": 2, "filenames": ["media/images/BoundingBoxDebugger_299_ec87a3aa0a3235758cf3.png", "media/images/BoundingBoxDebugger_299_32a837808fa83bb74f48.png"], "captions": ["ce5_jpg.rf.55860983b663565d74e4b2b5dec9a411.jpg", "e40_jpg.rf.c89aff402494981776091c0a998e630b.jpg"], "all_boxes": [{"predictions": {"_type": "boxes2D", "sha256": "acc73cc762f83afb11936dfabeb95a78cfdb414cfb60c10f5531fb22ff2c2088", "size": 58389, "path": "media/metadata/boxes2D/BoundingBoxDebugger_299_acc73cc762f83afb1193.boxes2D.json"}}, {"predictions": {"_type": "boxes2D", "sha256": "ecf72d36019e047ae854ef12acb85a0131393b1da9fde06fb378500fbd7c0ac4", "size": 43998, "path": "media/metadata/boxes2D/BoundingBoxDebugger_299_ecf72d36019e047ae854.boxes2D.json"}}]}, "Validation": {"_type": "images/separated", "width": 1344, "height": 1344, "format": "jpg", "count": 2, "filenames": ["media/images/Validation_300_be2958a5ee907a0d3bce.jpg", "media/images/Validation_300_90e36d0ba02d538c38d4.jpg"], "captions": ["val_batch0_labels.jpg", "val_batch0_pred.jpg"]}, "Results": {"_type": "images/separated", "width": 2400, "height": 1200, "format": "png", "count": 6, "filenames": ["media/images/Results_300_170330809bb0eb53fb65.png", "media/images/Results_300_1b5729d71bf334fd3775.png", "media/images/Results_300_fa3917d3ba6220a92179.png", "media/images/Results_300_7df604990ae64239ed07.png", "media/images/Results_300_6f8b494db8c0e60c914d.png", "media/images/Results_300_cf8ac9a0b5702d6a11d8.png"], "captions": ["results.png", "confusion_matrix.png", "F1_curve.png", "PR_curve.png", "P_curve.png", "R_curve.png"]}, "_wandb": {"runtime": 749}}